url,name,address,city,state,phone
https://havelock.horizonfamilydentistry.com/,Horizon Family Dentistry,"îƒˆ75 Concession St, Havelock, ON K0L 1Z0, Canada",ON K0L 1Z0,Canada,î‚°+1 705-778-2881
https://www.sussexsmiles.ca/,Sussex Smiles,"îƒˆ20 Kennedy Dr, Sussex, NB E4E 2P7, Canada",NB E4E 2P7,Canada,î‚°+1 506-433-4818
http://www.brunswicksquaredentalclinic.com/,Brunswick Square Dental Inc,"îƒˆ39 King St, Saint John, NB E2L 4W3, Canada",NB E2L 4W3,Canada,î‚°+1 506-658-1550
https://www.havelockdentist.com/,Davis Dental Group,"îƒˆ502 U.S. Hwy 70 W, Havelock, NC 28532",Havelock,NC,î‚°(252) 447-3405
https://eastpointdental.ca/,East Point Dental,"îƒˆ15 Fashion Drive Unit 4B, Saint John, NB E2J 0A7, Canada",NB E2J 0A7,Canada,î‚°+1 506-634-7171
http://www.ssdc.ca/,St. Stephen Dental Centre,"îƒˆ141 King St, St Stephen, NB E3L 2C7, Canada",NB E3L 2C7,Canada,î‚°+1 506-465-8880
https://lighthousedentalcare.ca/location/sackville/,Lighthouse Dental Care (Dr. Thomas Priemer),"îƒˆ41 Bridge St, Sackville, NB E4L 3N8, Canada",NB E4L 3N8,Canada,î‚°+1 506-536-2788
http://www.sackvillesmiles.ca/,Sackville Smiles,"îƒˆ35 Main St, Sackville, NB E4L 4A6, Canada",NB E4L 4A6,Canada,î‚°+1 506-536-3800
https://horsmandental.ca/,Horsman Dental Clinic,"îƒˆ338 Pine Glen Rd, Riverview, NB E1B 1V6, Canada",NB E1B 1V6,Canada,î‚°+1 506-387-3187
https://www.gatewaydentalcenter.ca/our-team-1,Dr. Meghan Dicks,"îƒˆ22 Commerce Dr, Oromocto, NB E2V 1B8, Canada",NB E2V 1B8,Canada,î‚°+1 506-357-2440
https://www.harrisvilledental.ca/,Harrisville Dental Center,"îƒˆ1121 Shediac Rd, Moncton, NB E1A 7B6, Canada",NB E1A 7B6,Canada,î‚°+1 506-858-0188
https://eastcoastoralsurgery.ca/,East Coast Oral Surgery,"îƒˆ585 Mapleton Rd, Moncton, NB E1G 2K5, Canada",NB E1G 2K5,Canada,î‚°+1 506-859-7200
https://monctondentalhouse.com/,Moncton Dental House,"îƒˆ741 Mountain Rd, Moncton, NB E1C 2R1, Canada",NB E1C 2R1,Canada,î‚°+1 506-859-4422
https://oromoctodentists.com/,Oromocto Dental Centre,"îƒˆ202 Restigouche Rd, Oromocto, NB E2V 4R5, Canada",NB E2V 4R5,Canada,î‚°+1 506-446-3300
https://www.smilesdentaldocs.ca/,Smiles Dental Docs,"îƒˆ1077 St George Blvd #350, Moncton, NB E1E 4C9, Canada",NB E1E 4C9,Canada,î‚°+1 506-859-7500
https://www.uptowndentistry.ca/site/home?utm_source=G&utm_medium=LPM&utm_campaign=DentalCorp,Uptown Dentistry,"îƒˆ7 Market Square, Saint John, NB E2L 5C8, Canada",NB E2L 5C8,Canada,î‚°+1 506-633-8485
http://www.nbdental.com/,New Brunswick Dental Society,"îƒˆ570 Queen St, Fredericton, NB E3B 6Z6, Canada",NB E3B 6Z6,Canada,î‚°+1 506-452-8575
https://www.gatewaydentalcenter.ca/,Gateway Dental Center,"îƒˆ22 Commerce Dr, Oromocto, NB E2V 0B9, Canada",NB E2V 0B9,Canada,î‚°+1 506-357-2440
http://www.monctonsmiles.com/,Moncton Smiles,"îƒˆ100 Arden St Ste 608, Moncton, NB E1C 4B7, Canada",NB E1C 4B7,Canada,î‚°+1 506-857-4068
https://capitaldentalclinic.com/,Capital Dental Clinic,"îƒˆ123 York St, Fredericton, NB E3B 3N6, Canada",NB E3B 3N6,Canada,î‚°+1 506-458-9669
https://www.shediacdentalclinic.ca/,Shediac Dental Clinic,"îƒˆ51 Sainte-Anne St, Shediac, NB E4P 2R4, Canada",NB E4P 2R4,Canada,î‚°+1 506-533-3900
https://www.firsttowndental.com/,First Town Dental,"îƒˆ255 Connell St, Woodstock, NB E7M 1L2, Canada",NB E7M 1L2,Canada,î‚°+1 506-328-8405
http://www.drannaisaacsdentistry.com/,Results,"îƒˆ118 Hampton Rd, Rothesay, NB E2E 2N5, Canada",NB E2E 2N5,Canada,î‚°+1 506-848-9191
https://www.dentistryfordiabeticsnj.com/,Results,"îƒˆ374 Livingston Ave, New Brunswick, NJ 08901",New Brunswick,NJ,î‚°(732) 246-4443
https://www.hamptondentalclinic.ca/site/home?utm_source=G&utm_medium=LPM&utm_campaign=DentalCorp,Results,"îƒˆ942 Main St, Hampton, NB E5N 8H2, Canada",NB E5N 8H2,Canada,î‚°+1 506-719-9379
https://www.riverviewdentistry.ca/site/home?utm_source=G&utm_medium=LPM&utm_campaign=DentalCorp,Results,"îƒˆ528 Pinewood Rd, Riverview, NB E1B 5J9, Canada",NB E1B 5J9,Canada,î‚°+1 506-805-3957
http://www.campbellandchorley.com/,Results,"îƒˆ330 Main St, Hampton, NB E5N 6B9, Canada",NB E5N 6B9,Canada,î‚°+1 506-832-2468
http://drluc.ca/,Results,"îƒˆ330 Elmwood Dr, Moncton, NB E1A 8R5, Canada",NB E1A 8R5,Canada,î‚°+1 506-386-5555
http://www.centredentaireelmwooddentalcentre.ca/en/,Results,"îƒˆ330 Elmwood Dr, Moncton, NB E1A 8R5, Canada",NB E1A 8R5,Canada,
https://northbrunswickfamilydental.com/,North Brunswick Family Dental & Orthodontics,"îƒˆ825 Georges Rd 1st Floor, Suite 5, North Brunswick Township, NJ 08902",North Brunswick Township,NJ,î‚°(732) 979-2572
http://www.atlanticimplants.ca/,Results,"îƒˆ542 Acadie Ave, Dieppe, NB E1A 1H9, Canada",NB E1A 1H9,Canada,î‚°+1 506-852-3007
http://www.ecdg.ca/,Results,"îƒˆ200 Acadie Ave #130, Dieppe, NB E1A 6S1, Canada",NB E1A 6S1,Canada,î‚°+1 506-859-1751
https://bouctouchedentalhygiene.com/,Results,"îƒˆ150 Bois-Joli Rd, Bouctouche, NB E4S 2X1, Canada",NB E4S 2X1,Canada,î‚°+1 506-227-4483
http://www.mybrunswickdentist.com/,Results,"îƒˆ82 Baribeau Dr, Brunswick, ME 04011",Brunswick,ME,î‚°(207) 725-4311
https://www.beaverbrookdentalcare.ca/site/home?utm_source=G&utm_medium=LPM&utm_campaign=DentalCorp,Results,"îƒˆ535 Beaverbrook Ct, Fredericton, NB E3B 1X6, Canada",NB E3B 1X6,Canada,î‚°+1 506-705-6997
